City_ID,City,Lat,Lng,Max Temp,Humidity,Cloudiness,Wind Speed,Country,Date,Current Description
0,Hilo,19.7297,-155.09,82.13,74,75,9.22,US,2021-07-30 02:23:25,broken clouds
1,Deep River,46.1001,-77.4995,64.15,99,86,4.81,CA,2021-07-30 02:24:10,overcast clouds
2,Cape Canaveral,28.4058,-80.6048,77.99,93,1,4.61,US,2021-07-30 02:24:10,clear sky
3,Albany,42.6001,-73.9662,68.76,94,92,4.68,US,2021-07-30 02:24:10,overcast clouds
4,Georgetown,5.4112,100.3354,82.35,77,20,4.61,MY,2021-07-30 02:21:05,few clouds
5,Bluff,-46.6,168.3333,49.8,74,100,3.71,NZ,2021-07-30 02:24:11,overcast clouds
6,Punta Arenas,-53.15,-70.9167,37.51,87,0,18.41,CL,2021-07-30 02:22:19,clear sky
7,Saint-Philippe,-21.3585,55.7679,67.59,84,96,15.59,RE,2021-07-30 02:24:12,light rain
8,Thompson,55.7435,-97.8558,71.76,53,75,4.61,CA,2021-07-30 02:17:05,broken clouds
9,Rikitea,-23.1203,-134.9692,71.64,76,2,3.53,PF,2021-07-30 02:18:47,clear sky
10,Tiksi,71.6872,128.8694,59.0,42,4,3.49,RU,2021-07-30 02:18:26,clear sky
11,Kupang,-10.1667,123.5833,84.96,57,12,9.82,ID,2021-07-30 02:19:15,few clouds
12,Bengkulu,-3.8004,102.2655,81.5,73,37,5.12,ID,2021-07-30 02:24:13,scattered clouds
13,Nova Olinda Do Norte,-3.8881,-59.0942,75.13,54,27,2.59,BR,2021-07-30 02:24:14,scattered clouds
14,Ushuaia,-54.8,-68.3,42.46,49,0,16.11,AR,2021-07-30 02:18:09,clear sky
15,Shalya,57.2471,58.7298,55.02,96,100,8.39,RU,2021-07-30 02:20:07,overcast clouds
16,Codrington,-38.2667,141.9667,54.32,64,57,26.53,AU,2021-07-30 02:19:52,broken clouds
17,Port Alfred,-33.5906,26.891,54.95,85,20,9.13,ZA,2021-07-30 02:18:57,few clouds
18,Castro,-24.7911,-50.0119,33.82,60,0,2.82,BR,2021-07-30 02:18:32,clear sky
19,Dhidhdhoo,6.8833,73.1,82.67,71,82,10.96,MV,2021-07-30 02:24:16,broken clouds
20,Puerto Escondido,15.85,-97.0667,77.83,73,90,6.91,MX,2021-07-30 02:24:16,overcast clouds
21,Hermanus,-34.4187,19.2345,51.91,81,16,7.29,ZA,2021-07-30 02:20:50,few clouds
22,Les Cayes,18.2,-73.75,77.83,84,1,5.35,HT,2021-07-30 02:24:17,clear sky
23,Bonavista,48.6499,-53.1147,61.12,77,24,13.96,CA,2021-07-30 02:20:05,few clouds
24,Lenine,45.2986,35.7771,74.62,61,0,5.59,UA,2021-07-30 02:24:17,clear sky
25,Ewo,-0.8725,14.8206,77.68,54,52,4.94,CG,2021-07-30 02:24:18,broken clouds
26,Cascais,38.6979,-9.4215,65.46,75,0,15.99,PT,2021-07-30 02:24:18,clear sky
27,Yeppoon,-23.1333,150.7333,74.98,46,0,11.68,AU,2021-07-30 02:21:31,clear sky
28,Busselton,-33.65,115.3333,53.04,72,92,27.04,AU,2021-07-30 02:18:41,overcast clouds
29,Klaksvik,62.2266,-6.589,50.92,89,100,16.84,FO,2021-07-30 02:24:19,overcast clouds
30,Shirokiy,49.758,129.523,78.39,71,24,8.08,RU,2021-07-30 02:24:19,few clouds
31,Hobart,-42.8794,147.3294,58.05,54,75,4.0,AU,2021-07-30 02:18:39,broken clouds
32,Lodingen,68.414,15.9951,53.35,85,82,15.99,NO,2021-07-30 02:24:19,broken clouds
33,Contadero,0.907,-77.5473,50.2,97,96,5.41,CO,2021-07-30 02:24:20,overcast clouds
34,Vaini,-21.2,-175.2,77.16,83,75,6.91,TO,2021-07-30 02:24:20,broken clouds
35,Aklavik,68.2191,-135.0107,67.03,52,100,9.44,CA,2021-07-30 02:19:42,overcast clouds
36,Esna,25.2934,32.554,80.62,17,88,7.85,EG,2021-07-30 02:24:21,overcast clouds
37,Mataura,-46.1927,168.8643,49.48,81,100,3.13,NZ,2021-07-30 02:18:10,light rain
38,Mahebourg,-20.4081,57.7,70.25,88,75,14.97,MU,2021-07-30 02:19:09,light rain
39,Jamestown,42.097,-79.2353,72.72,88,1,5.57,US,2021-07-30 02:20:47,clear sky
40,Belmonte,-15.8631,-38.8828,72.1,88,83,17.87,BR,2021-07-30 02:19:01,broken clouds
41,Cape Town,-33.9258,18.4232,48.61,95,0,3.44,ZA,2021-07-30 02:18:36,clear sky
42,New Norfolk,-42.7826,147.0587,57.7,56,100,1.99,AU,2021-07-30 02:18:10,overcast clouds
43,Terbuny,52.1389,38.2789,66.04,82,35,5.95,RU,2021-07-30 02:24:22,scattered clouds
44,Antofagasta,-23.65,-70.4,64.22,68,7,5.88,CL,2021-07-30 02:22:18,clear sky
45,Atuona,-9.8,-139.0333,77.14,81,100,12.82,PF,2021-07-30 02:15:20,overcast clouds
46,Provideniya,64.3833,-173.3,51.91,76,90,13.42,RU,2021-07-30 02:18:42,overcast clouds
47,Kruisfontein,-34.0033,24.7314,49.21,79,3,5.91,ZA,2021-07-30 02:19:07,clear sky
48,Vaasa,63.096,21.6158,60.94,100,90,5.75,FI,2021-07-30 02:24:22,overcast clouds
49,Oriximina,-1.7656,-55.8661,72.64,90,86,5.21,BR,2021-07-30 02:22:13,overcast clouds
50,Kapaa,22.0752,-159.319,84.52,73,90,4.0,US,2021-07-30 02:18:42,light rain
51,Uglekamensk,43.2172,133.2303,87.82,55,100,2.42,RU,2021-07-30 02:24:23,overcast clouds
52,Bredasdorp,-34.5322,20.0403,47.52,87,12,5.75,ZA,2021-07-30 02:18:31,few clouds
53,Fairbanks,64.8378,-147.7164,72.01,61,20,0.0,US,2021-07-30 02:24:24,few clouds
54,Nurota,40.5614,65.6886,73.49,31,0,14.88,UZ,2021-07-30 02:24:24,clear sky
55,Flin Flon,54.7682,-101.865,70.2,59,38,3.53,CA,2021-07-30 02:24:24,scattered clouds
56,Carnarvon,-24.8667,113.6333,69.87,65,40,13.8,AU,2021-07-30 02:18:58,scattered clouds
57,Puerto Ayora,-0.7393,-90.3518,71.02,91,30,7.0,EC,2021-07-30 02:18:56,scattered clouds
58,Tasiilaq,65.6145,-37.6368,46.56,74,36,4.12,GL,2021-07-30 02:19:00,scattered clouds
59,Avarua,-21.2078,-159.775,75.25,64,75,4.61,CK,2021-07-30 02:18:36,broken clouds
60,Nishihara,26.1842,127.7558,85.68,87,40,6.91,JP,2021-07-30 02:24:25,scattered clouds
61,Tautira,-17.7333,-149.15,80.62,76,27,4.9,PF,2021-07-30 02:24:26,scattered clouds
62,Aktau,43.65,51.2,68.58,32,14,9.42,KZ,2021-07-30 02:24:26,few clouds
63,Torbay,47.6666,-52.7314,59.58,83,1,16.11,CA,2021-07-30 02:18:12,clear sky
64,Merauke,-8.4667,140.3333,82.45,75,100,6.29,ID,2021-07-30 02:24:26,overcast clouds
65,High Level,58.5169,-117.136,77.11,38,20,6.91,CA,2021-07-30 02:24:27,few clouds
66,Tuktoyaktuk,69.4541,-133.0374,59.0,88,75,9.22,CA,2021-07-30 02:18:40,broken clouds
67,Saint George,37.1041,-113.5841,90.07,45,75,18.01,US,2021-07-30 02:18:03,broken clouds
68,Mahanoro,-19.9,48.8,68.22,89,98,4.9,MG,2021-07-30 02:24:27,moderate rain
69,Labuhan,-6.8844,112.2051,83.7,64,39,6.49,ID,2021-07-30 02:19:22,scattered clouds
70,Saskylakh,71.9167,114.0833,83.1,38,17,6.02,RU,2021-07-30 02:18:06,few clouds
71,Victoria,22.2855,114.1577,82.96,93,99,1.01,HK,2021-07-30 02:15:19,light rain
72,East London,-33.0153,27.9116,57.16,67,5,6.04,ZA,2021-07-30 02:18:57,clear sky
73,Yellowknife,62.456,-114.3525,69.33,59,86,4.0,CA,2021-07-30 02:15:12,overcast clouds
74,Iqaluit,63.7506,-68.5145,49.73,81,75,0.0,CA,2021-07-30 02:19:01,broken clouds
75,Abu Zabad,12.35,29.25,70.54,81,100,11.16,SD,2021-07-30 02:24:28,heavy intensity rain
76,Mar Del Plata,-38.0023,-57.5575,48.13,71,0,1.99,AR,2021-07-30 02:21:26,clear sky
77,Hearst,49.6835,-83.6665,55.65,54,94,8.68,CA,2021-07-30 02:24:29,overcast clouds
78,Zhanaozen,43.3,52.8,75.79,27,91,8.48,KZ,2021-07-30 02:15:45,overcast clouds
79,Lompoc,34.6391,-120.4579,71.74,85,90,11.5,US,2021-07-30 02:20:43,overcast clouds
80,Palmer,42.1584,-72.3287,70.99,84,90,5.99,US,2021-07-30 02:18:32,overcast clouds
81,Coihaique,-45.5752,-72.0662,40.95,93,90,4.61,CL,2021-07-30 02:19:13,moderate rain
82,Lavrentiya,65.5833,-171.0,47.14,86,94,10.6,RU,2021-07-30 02:24:30,overcast clouds
83,Mareeba,-17.0,145.4333,86.32,35,0,6.49,AU,2021-07-30 02:19:00,clear sky
84,Mayakonda,14.2833,76.0833,71.8,82,99,15.41,IN,2021-07-30 02:24:30,overcast clouds
85,Butaritari,3.0707,172.7902,83.7,71,11,12.08,KI,2021-07-30 02:18:39,few clouds
86,Te Anau,-45.4167,167.7167,50.99,82,100,1.36,NZ,2021-07-30 02:24:31,overcast clouds
87,Rockland,41.1668,-74.0496,71.85,95,73,6.82,US,2021-07-30 02:24:32,broken clouds
88,Zyryanka,65.75,150.85,50.02,61,100,7.14,RU,2021-07-30 02:22:30,overcast clouds
89,Namibe,-15.1961,12.1522,63.7,80,1,1.16,AO,2021-07-30 02:19:51,clear sky
90,De-Kastri,51.4667,140.7833,66.54,93,100,5.26,RU,2021-07-30 02:24:32,light rain
91,Port Elizabeth,-33.918,25.5701,50.29,87,0,5.75,ZA,2021-07-30 02:18:37,clear sky
92,Kaitangata,-46.2817,169.8464,54.93,81,92,8.81,NZ,2021-07-30 02:19:39,light rain
93,Faanui,-16.4833,-151.75,78.08,76,36,10.0,PF,2021-07-30 02:18:49,light rain
94,Khatanga,71.9667,102.5,84.65,40,0,9.71,RU,2021-07-30 02:18:44,clear sky
95,Tarabuco,-19.1667,-64.9167,37.26,61,46,3.11,BO,2021-07-30 02:24:33,scattered clouds
96,Sao Raimundo Das Mangabeiras,-7.0219,-45.4811,81.32,39,69,2.42,BR,2021-07-30 02:24:33,broken clouds
97,Arraial Do Cabo,-22.9661,-42.0278,63.14,57,99,20.83,BR,2021-07-30 02:18:52,overcast clouds
98,Nantucket,41.2835,-70.0995,71.71,87,90,13.8,US,2021-07-30 02:14:39,overcast clouds
99,Ponta Do Sol,32.6667,-17.1,70.43,79,9,5.7,PT,2021-07-30 02:19:20,clear sky
100,Muroto,33.2833,134.15,81.3,71,3,1.45,JP,2021-07-30 02:14:38,clear sky
101,Ancud,-41.8697,-73.8203,44.13,87,100,9.08,CL,2021-07-30 02:24:34,overcast clouds
102,Progreso,21.2833,-89.6667,77.11,80,64,13.89,MX,2021-07-30 02:24:35,broken clouds
103,Dikson,73.5069,80.5464,42.21,89,100,13.2,RU,2021-07-30 02:19:30,light rain
104,Monte Alto,-21.2611,-48.4964,39.72,38,48,4.65,BR,2021-07-30 02:21:30,scattered clouds
105,Umm Lajj,25.0213,37.2685,84.25,54,93,5.23,SA,2021-07-30 02:24:35,overcast clouds
106,Hay River,60.8156,-115.7999,69.78,52,20,4.61,CA,2021-07-30 02:22:24,few clouds
107,Mount Isa,-20.7333,139.5,85.77,20,5,9.22,AU,2021-07-30 02:20:56,clear sky
108,Constitucion,-35.3333,-72.4167,51.37,76,0,2.28,CL,2021-07-30 02:21:28,clear sky
109,Comodoro Rivadavia,-45.8667,-67.5,60.66,27,0,8.05,AR,2021-07-30 02:24:36,clear sky
110,Vila Franca Do Campo,37.7167,-25.4333,70.21,93,45,4.68,PT,2021-07-30 02:19:10,scattered clouds
111,Arlit,18.7369,7.3853,91.35,41,6,10.42,NE,2021-07-30 02:24:36,clear sky
112,Broome,42.2506,-75.833,68.77,94,1,1.01,US,2021-07-30 02:24:37,clear sky
113,Port Hueneme,34.1478,-119.1951,95.92,82,90,17.27,US,2021-07-30 02:23:12,overcast clouds
114,Lima,-12.0432,-77.0282,59.25,88,90,9.22,PE,2021-07-30 02:23:29,overcast clouds
115,Ribeira Grande,38.5167,-28.7,70.57,87,9,7.36,PT,2021-07-30 02:20:53,clear sky
116,Savinskiy,62.9342,40.1361,56.26,97,100,1.97,RU,2021-07-30 02:24:38,overcast clouds
117,Schwanewede,53.2333,8.6,56.01,82,17,1.01,DE,2021-07-30 02:24:38,few clouds
118,Codroipo,45.96,12.9792,72.0,87,0,5.17,IT,2021-07-30 02:24:38,clear sky
119,Cidreira,-30.1811,-50.2056,45.09,72,12,9.22,BR,2021-07-30 02:19:27,few clouds
120,Yar-Sale,66.8333,70.8333,50.65,90,94,16.98,RU,2021-07-30 02:21:43,overcast clouds
121,Petropavlovsk-Kamchatskiy,53.0452,158.6483,68.59,100,75,6.71,RU,2021-07-30 02:22:10,broken clouds
122,Upernavik,72.7868,-56.1549,45.18,87,99,4.38,GL,2021-07-30 02:18:38,overcast clouds
123,Laredo,27.5064,-99.5075,90.84,48,1,11.5,US,2021-07-30 02:23:14,clear sky
124,Eureka,40.8021,-124.1637,95.74,79,44,1.99,US,2021-07-30 02:21:33,scattered clouds
125,Ojinaga,29.5667,-104.4167,77.95,61,1,5.75,MX,2021-07-30 02:24:39,clear sky
126,Lorengau,-2.0226,147.2712,85.35,68,31,5.21,PG,2021-07-30 02:24:40,scattered clouds
127,Talnakh,69.4865,88.3972,57.47,91,100,2.35,RU,2021-07-30 02:24:40,light rain
128,Esperance,-33.8667,121.9,56.44,67,97,26.69,AU,2021-07-30 02:18:49,overcast clouds
129,Canto Do Buriti,-8.11,-42.9444,76.86,37,11,2.64,BR,2021-07-30 02:24:41,few clouds
130,Souillac,-20.5167,57.5167,70.36,88,75,14.97,MU,2021-07-30 02:18:12,light rain
131,Srednekolymsk,67.45,153.6833,47.79,53,94,9.44,RU,2021-07-30 02:19:30,overcast clouds
132,Cabo San Lucas,22.8909,-109.9124,87.62,73,20,3.0,MX,2021-07-30 02:19:03,few clouds
133,Laguna,38.421,-121.4238,105.46,31,1,5.99,US,2021-07-30 02:24:41,clear sky
134,Berlevag,70.8578,29.0864,44.24,84,100,3.69,NO,2021-07-30 02:19:19,overcast clouds
135,Qaanaaq,77.484,-69.3632,39.72,88,69,7.58,GL,2021-07-30 02:19:03,broken clouds
136,Deputatskiy,69.3,139.9,55.94,41,87,4.07,RU,2021-07-30 02:20:00,overcast clouds
137,Port Lincoln,-34.7333,135.8667,64.6,52,5,20.02,AU,2021-07-30 02:15:11,clear sky
138,Kodiak,57.79,-152.4072,56.71,62,90,3.44,US,2021-07-30 02:18:44,overcast clouds
139,Saldanha,-33.0117,17.9442,42.85,84,4,4.54,ZA,2021-07-30 02:24:42,clear sky
140,Port Macquarie,-31.4333,152.9167,66.16,38,0,7.63,AU,2021-07-30 02:20:43,clear sky
141,Yatou,37.15,122.3833,80.19,80,91,18.61,CN,2021-07-30 02:24:43,light rain
142,Wah,33.798,72.6957,84.0,71,59,6.96,PK,2021-07-30 02:24:43,broken clouds
143,Sorland,67.667,12.6934,50.45,86,36,25.03,NO,2021-07-30 02:21:45,scattered clouds
144,Union,40.6334,-74.2663,73.31,94,1,0.0,US,2021-07-30 02:24:44,clear sky
145,Anadyr,64.75,177.4833,41.5,86,75,13.0,RU,2021-07-30 02:19:26,light intensity shower rain
146,Santa Maria,-29.6842,-53.8069,34.9,100,0,2.3,BR,2021-07-30 02:24:44,clear sky
147,Saiha,22.4833,92.9667,77.47,89,90,2.86,IN,2021-07-30 02:24:45,overcast clouds
148,Providencia,28.7167,-111.5833,93.25,44,16,9.98,MX,2021-07-30 02:24:45,few clouds
149,Suslovo,56.2167,88.1167,63.3,63,100,5.66,RU,2021-07-30 02:24:45,overcast clouds
150,Nazareno,25.3833,-103.4167,88.11,43,63,5.46,MX,2021-07-30 02:24:46,broken clouds
151,Sao Filipe,14.8961,-24.4956,75.16,79,52,6.93,CV,2021-07-30 02:19:26,broken clouds
152,Walvis Bay,-22.9575,14.5053,52.75,62,0,2.3,NA,2021-07-30 02:22:32,clear sky
153,Cherskiy,68.75,161.3,37.78,64,100,20.58,RU,2021-07-30 02:19:04,overcast clouds
154,Fortuna,40.5982,-124.1573,95.47,88,20,9.22,US,2021-07-30 02:19:20,few clouds
155,Kutum,14.2,24.6667,79.14,57,87,5.66,SD,2021-07-30 02:19:05,overcast clouds
156,Douglas,41.3,-96.167,85.3,76,90,3.0,US,2021-07-30 02:24:47,overcast clouds
157,Cayenne,4.9333,-52.3333,77.09,89,0,0.0,GF,2021-07-30 02:15:21,clear sky
158,Kavaratti,10.5669,72.642,82.33,75,98,15.37,IN,2021-07-30 02:24:47,overcast clouds
159,Tankhoy,51.5528,105.1306,54.23,96,100,7.76,RU,2021-07-30 02:24:47,moderate rain
160,Sitka,57.0531,-135.33,69.69,64,20,3.44,US,2021-07-30 02:19:38,few clouds
161,Gornopravdinsk,60.05,69.9,47.71,91,63,6.44,RU,2021-07-30 02:24:48,broken clouds
162,Chokurdakh,70.6333,147.9167,51.49,43,83,4.72,RU,2021-07-30 02:18:53,broken clouds
163,Airai,-8.9266,125.4092,75.51,32,5,3.85,TL,2021-07-30 02:18:43,clear sky
164,Trairi,-3.2778,-39.2689,77.59,87,10,7.65,BR,2021-07-30 02:15:29,clear sky
165,Miri,4.4148,114.0089,86.14,66,40,10.36,MY,2021-07-30 02:24:49,scattered clouds
166,Bambous Virieux,-20.3428,57.7575,70.21,88,75,14.97,MU,2021-07-30 02:19:19,light rain
167,Verkhoyansk,67.5447,133.385,67.03,32,18,0.31,RU,2021-07-30 02:21:12,few clouds
168,Half Moon Bay,37.4636,-122.4286,89.62,75,75,9.22,US,2021-07-30 02:17:39,broken clouds
169,Bethel,41.3712,-73.414,72.18,92,75,5.75,US,2021-07-30 02:18:40,broken clouds
170,Qaqortoq,60.7167,-46.0333,46.9,91,100,2.35,GL,2021-07-30 02:14:52,overcast clouds
171,Tabuk,17.4189,121.4443,81.63,78,100,1.86,PH,2021-07-30 02:24:50,overcast clouds
172,Fengxian,34.7039,116.5872,78.67,78,3,8.34,CN,2021-07-30 02:24:50,clear sky
173,Moose Factory,51.2585,-80.6094,53.6,82,90,5.75,CA,2021-07-30 02:21:06,overcast clouds
174,Antsohihy,-14.8796,47.9875,65.61,80,0,5.44,MG,2021-07-30 02:21:48,clear sky
175,Whitianga,-36.8333,175.7,64.02,77,54,5.32,NZ,2021-07-30 02:24:51,broken clouds
176,Kovernino,57.1253,43.8142,60.33,97,68,5.57,RU,2021-07-30 02:24:51,broken clouds
177,Hithadhoo,-0.6,73.0833,82.36,70,99,2.86,MV,2021-07-30 02:18:45,overcast clouds
178,Waingapu,-9.6567,120.2641,84.38,56,16,12.71,ID,2021-07-30 02:24:51,few clouds
179,Eckernforde,54.4667,9.8333,63.18,89,70,17.9,DE,2021-07-30 02:24:52,broken clouds
180,Mogadishu,2.0371,45.3438,75.9,79,86,19.55,SO,2021-07-30 02:20:01,light rain
181,Parabel,58.6978,81.4825,58.24,68,20,6.58,RU,2021-07-30 02:24:52,few clouds
182,Olga,43.7444,135.2892,81.61,67,100,5.3,RU,2021-07-30 02:24:45,overcast clouds
183,Leshukonskoye,64.8989,45.7622,47.55,82,99,4.0,RU,2021-07-30 02:24:53,overcast clouds
184,Sungaipenuh,-2.0833,101.3833,72.27,73,100,1.68,ID,2021-07-30 02:24:53,overcast clouds
185,Thunder Bay,48.4001,-89.3168,62.58,55,20,8.05,CA,2021-07-30 02:23:27,few clouds
186,Paoua,7.2427,16.4406,67.5,95,47,2.64,CF,2021-07-30 02:24:53,scattered clouds
187,Eyl,7.9803,49.8164,77.65,70,100,18.48,SO,2021-07-30 02:24:54,overcast clouds
188,Tiznit,29.5833,-9.5,86.07,32,57,13.53,MA,2021-07-30 02:24:26,broken clouds
189,Kabarnet,0.4919,35.743,56.21,94,95,2.8,KE,2021-07-30 02:24:54,overcast clouds
190,Ballina,-28.8667,153.5667,66.38,42,0,6.91,AU,2021-07-30 02:24:55,clear sky
191,San Patricio,28.017,-97.5169,84.83,69,100,9.26,US,2021-07-30 02:20:49,overcast clouds
192,Inhambane,-23.865,35.3833,64.06,75,0,6.8,MZ,2021-07-30 02:20:32,clear sky
193,Milkovo,54.7167,158.6167,75.0,65,93,0.43,RU,2021-07-30 02:24:55,light rain
194,Muros,42.7762,-9.0603,64.99,86,71,5.19,ES,2021-07-30 02:24:56,broken clouds
195,Chara,56.9064,118.2631,66.97,51,39,9.24,RU,2021-07-30 02:20:26,scattered clouds
196,Vila,42.0304,-8.1588,54.73,89,0,2.28,PT,2021-07-30 02:24:56,clear sky
197,Bardiyah,31.7561,25.0865,78.1,77,0,13.27,LY,2021-07-30 02:24:57,clear sky
198,Nouadhibou,20.931,-17.0347,67.98,94,75,12.66,MR,2021-07-30 02:19:22,broken clouds
199,Cabatuan,10.8794,122.486,87.03,65,62,11.3,PH,2021-07-30 02:24:57,broken clouds
200,Paharpur,32.1038,70.9724,91.45,61,65,3.15,PK,2021-07-30 02:24:57,broken clouds
201,Pamanukan,-6.2842,107.8106,84.07,58,6,2.59,ID,2021-07-30 02:24:58,clear sky
202,Smithers,54.7804,-127.1743,77.32,41,20,3.44,CA,2021-07-30 02:24:58,few clouds
203,Bandarbeyla,9.4942,50.8122,77.09,75,100,27.72,SO,2021-07-30 02:24:58,overcast clouds
204,Sibolga,1.7427,98.7792,81.36,71,100,0.4,ID,2021-07-30 02:24:59,moderate rain
205,Zhigalovo,54.8097,105.1578,60.94,94,100,3.29,RU,2021-07-30 02:24:59,overcast clouds
206,Filotion,37.05,25.5,76.89,67,0,4.0,GR,2021-07-30 02:24:59,clear sky
207,Victoria Point,-27.5833,153.3,73.15,52,0,4.0,AU,2021-07-30 02:25:00,clear sky
208,Saint-Augustin,51.226,-58.6502,53.47,74,35,7.23,CA,2021-07-30 02:22:09,scattered clouds
209,Norman Wells,65.282,-126.8329,68.04,64,75,3.44,CA,2021-07-30 02:18:45,broken clouds
210,Pisco,-13.7,-76.2167,62.65,82,90,4.61,PE,2021-07-30 02:21:52,overcast clouds
211,Omsukchan,62.5333,155.8,36.9,90,100,10.27,RU,2021-07-30 02:25:01,light rain
212,Copala,16.65,-98.9833,78.58,86,100,1.5,MX,2021-07-30 02:25:01,overcast clouds
213,Dickinson,29.4608,-95.0513,88.16,77,40,3.44,US,2021-07-30 02:25:01,scattered clouds
214,Pevek,69.7008,170.3133,32.04,98,100,25.81,RU,2021-07-30 02:19:32,light snow
215,Huntingdon,52.3305,-0.1865,58.96,89,100,7.47,GB,2021-07-30 02:25:02,moderate rain
216,Jodhpur,26.2867,73.03,80.98,79,92,16.37,IN,2021-07-30 02:25:04,overcast clouds
217,Rairangpur,22.2676,86.1751,75.31,94,100,16.98,IN,2021-07-30 02:25:04,moderate rain
218,Mehamn,71.0357,27.8492,43.95,83,100,4.09,NO,2021-07-30 02:18:46,overcast clouds
219,Daru,-9.0763,143.2092,80.15,86,100,11.59,PG,2021-07-30 02:19:09,overcast clouds
220,Novyy Oskol,50.7631,37.8691,65.21,93,32,5.88,RU,2021-07-30 02:25:05,scattered clouds
221,Ornskoldsvik,63.2909,18.7153,60.62,100,75,6.91,SE,2021-07-30 02:25:05,heavy intensity rain
222,Ngunguru,-35.6167,174.5,64.17,77,100,14.72,NZ,2021-07-30 02:19:08,overcast clouds
223,Shitanjing,39.2342,106.3439,86.14,16,0,2.01,CN,2021-07-30 02:24:56,clear sky
224,Barra Patuca,15.8,-84.2833,79.2,85,31,7.16,HN,2021-07-30 02:25:06,scattered clouds
225,Miass,55.045,60.1083,57.34,61,97,4.09,RU,2021-07-30 02:25:06,overcast clouds
226,Elblag,54.1522,19.4088,59.97,79,7,7.05,PL,2021-07-30 02:25:06,clear sky
227,Jizan,17.3333,42.6667,88.74,55,84,5.77,SA,2021-07-30 02:21:47,broken clouds
228,Vytegra,61.0064,36.4481,59.18,94,53,8.14,RU,2021-07-30 02:25:07,broken clouds
229,Katobu,-4.9408,122.5276,84.85,60,47,7.54,ID,2021-07-30 02:25:07,scattered clouds
230,Naberera,-4.2,36.9333,54.7,89,93,8.41,TZ,2021-07-30 02:25:07,overcast clouds
231,Yulara,-25.2406,130.9889,75.04,29,0,10.36,AU,2021-07-30 02:14:39,clear sky
232,Vetlanda,57.4289,15.0776,55.62,95,89,11.1,SE,2021-07-30 02:25:08,overcast clouds
233,Svetlyy,54.675,20.1347,60.85,74,1,11.01,RU,2021-07-30 02:25:08,clear sky
234,Lufilufi,-13.8745,-171.5986,89.38,78,54,19.51,WS,2021-07-30 02:25:09,light rain
235,Lata,40.1629,-8.3327,61.92,99,39,1.83,PT,2021-07-30 02:19:39,scattered clouds
236,Severo-Kurilsk,50.6789,156.125,62.35,87,93,4.05,RU,2021-07-30 02:19:11,overcast clouds
237,Yurimaguas,-5.9,-76.0833,65.37,79,48,3.24,PE,2021-07-30 02:25:09,scattered clouds
238,Huarmey,-10.0681,-78.1522,64.81,86,55,8.34,PE,2021-07-30 02:25:10,broken clouds
239,Registro,-24.4875,-47.8436,40.44,83,5,0.96,BR,2021-07-30 02:25:10,clear sky
240,Chalus,36.655,51.4204,69.26,94,90,0.0,IR,2021-07-30 02:25:10,overcast clouds
241,Portland,45.5234,-122.6762,97.38,28,20,1.99,US,2021-07-30 02:17:48,few clouds
242,Korem,12.5058,39.5228,59.07,83,100,3.0,ET,2021-07-30 02:25:11,moderate rain
243,Fort Saint James,54.4333,-124.25,76.44,41,83,2.95,CA,2021-07-30 02:25:11,broken clouds
244,Veraval,20.9,70.3667,82.08,84,100,20.89,IN,2021-07-30 02:25:11,overcast clouds
245,Zaraza,9.3503,-65.3245,72.79,93,98,3.15,VE,2021-07-30 02:25:12,overcast clouds
246,Haines Junction,60.7522,-137.5108,67.95,42,38,9.22,CA,2021-07-30 02:21:50,scattered clouds
247,Taitung,22.7583,121.1444,91.67,62,75,4.61,TW,2021-07-30 02:25:12,broken clouds
248,Chunhuhub,19.55,-88.6833,80.49,71,12,5.44,MX,2021-07-30 02:25:13,few clouds
249,Tura,25.5198,90.2201,75.06,91,100,5.97,IN,2021-07-30 02:21:32,overcast clouds
250,Charagua,-19.8,-63.2167,45.55,39,96,0.72,BO,2021-07-30 02:25:13,overcast clouds
251,Krasnoselkup,65.7,82.4667,57.42,66,27,12.37,RU,2021-07-30 02:22:59,scattered clouds
252,Chuy,-33.6971,-53.4616,40.93,86,9,5.68,UY,2021-07-30 02:18:31,clear sky
253,Chik,54.9928,82.4311,63.18,88,20,4.47,RU,2021-07-30 02:25:14,few clouds
254,Barrow,71.2906,-156.7887,51.82,87,90,5.75,US,2021-07-30 02:18:35,light rain
255,Lagoa,39.05,-27.9833,69.64,90,0,8.1,PT,2021-07-30 02:18:58,clear sky
256,Flinders,-34.5833,150.8552,67.05,41,0,1.99,AU,2021-07-30 02:25:14,clear sky
257,Muramatsu,37.6833,139.1833,90.46,57,7,4.23,JP,2021-07-30 02:25:15,clear sky
258,Chapais,49.7834,-74.8492,53.38,96,100,9.93,CA,2021-07-30 02:17:45,overcast clouds
259,Neiafu,-18.65,-173.9833,81.28,69,75,9.22,TO,2021-07-30 02:21:40,broken clouds
260,Mizdah,31.4451,12.9801,71.65,44,0,1.21,LY,2021-07-30 02:25:15,clear sky
261,Karratha,-20.7377,116.8463,74.01,59,0,9.48,AU,2021-07-30 02:19:34,clear sky
262,Alice Springs,-23.7,133.8833,81.95,24,0,12.66,AU,2021-07-30 02:15:27,clear sky
263,Bagdarin,54.4333,113.6,70.23,52,0,3.42,RU,2021-07-30 02:22:46,clear sky
264,Manadhoo,5.7667,73.3833,82.44,72,16,10.04,MV,2021-07-30 02:25:16,few clouds
265,Pingyi,35.5006,117.6308,75.54,83,85,13.31,CN,2021-07-30 02:25:16,overcast clouds
266,College,64.8569,-147.8028,69.75,64,75,8.05,US,2021-07-30 02:22:51,broken clouds
267,Mount Gambier,-37.8333,140.7667,56.32,59,69,16.37,AU,2021-07-30 02:19:41,broken clouds
268,Jiuquan,39.7432,98.5174,85.53,15,0,7.87,CN,2021-07-30 02:25:17,clear sky
269,San Jose,37.3394,-121.895,92.71,54,40,9.22,US,2021-07-30 02:25:17,scattered clouds
270,Nogliki,51.8333,143.1667,67.89,93,100,8.72,RU,2021-07-30 02:25:18,light rain
271,Dunn,44.95,-91.8835,73.2,80,77,8.05,US,2021-07-30 02:25:18,broken clouds
272,Lebu,-37.6167,-73.65,48.56,84,0,5.37,CL,2021-07-30 02:25:18,clear sky
273,Caconda,-13.7333,15.0667,51.15,33,2,5.14,AO,2021-07-30 02:25:19,clear sky
274,Sibu,2.3,111.8167,77.31,88,40,8.05,MY,2021-07-30 02:25:19,light rain
275,Nayudupeta,13.9,79.9,86.88,51,100,14.72,IN,2021-07-30 02:25:19,overcast clouds
276,Cabedelo,-6.9811,-34.8339,74.07,82,100,9.91,BR,2021-07-30 02:25:20,overcast clouds
277,Saint Anthony,45.0205,-93.218,76.24,63,90,1.99,US,2021-07-30 02:25:20,haze
278,Akyab,20.15,92.9,82.54,85,86,13.56,MM,2021-07-30 02:25:20,overcast clouds
279,Seoul,37.5683,126.9778,91.81,55,0,9.22,KR,2021-07-30 02:23:45,clear sky
280,Olafsvik,64.8945,-23.7142,52.75,87,99,5.08,IS,2021-07-30 02:15:34,overcast clouds
281,Ust-Nera,64.5667,143.2,56.59,48,6,3.76,RU,2021-07-30 02:25:21,clear sky
282,Ntungamo,-0.8833,29.65,63.36,78,26,3.62,UG,2021-07-30 02:25:21,scattered clouds
283,Hasaki,35.7333,140.8333,90.28,77,19,8.66,JP,2021-07-30 02:25:22,few clouds
284,Sobolevo,54.4299,31.8996,62.02,98,68,4.45,RU,2021-07-30 02:25:22,moderate rain
285,Kobelyaky,49.1489,34.1965,67.55,90,2,6.53,UA,2021-07-30 02:25:22,clear sky
286,Dunedin,-45.8742,170.5036,48.79,86,64,17.0,NZ,2021-07-30 02:25:23,broken clouds
287,Martapura,-3.4167,114.85,82.49,74,20,3.44,ID,2021-07-30 02:25:23,few clouds
288,Cody,44.5263,-109.0565,67.41,87,90,12.66,US,2021-07-30 02:25:23,heavy intensity rain
289,Gat,31.61,34.7642,78.4,79,0,5.5,IL,2021-07-30 02:19:00,clear sky
290,Miraflores,19.2167,-98.8083,66.87,84,69,4.12,MX,2021-07-30 02:15:24,broken clouds
291,Saint-Georges,12.0564,-61.7485,80.28,83,20,11.5,GD,2021-07-30 02:25:24,few clouds
292,Masalli,34.7959,126.6553,87.48,62,94,6.08,KR,2021-07-30 02:25:24,overcast clouds
293,Touros,-5.1989,-35.4608,74.3,84,50,11.83,BR,2021-07-30 02:19:33,scattered clouds
294,Alofi,-19.0595,-169.9187,76.89,78,75,11.5,NU,2021-07-30 02:25:25,broken clouds
295,Skjervoy,70.0311,20.9714,50.59,74,99,13.87,NO,2021-07-30 02:25:25,overcast clouds
296,Port Hardy,50.6996,-127.4199,68.18,77,20,10.36,CA,2021-07-30 02:20:19,few clouds
297,Satun,6.8333,100.0,82.11,94,100,0.45,TH,2021-07-30 02:25:26,overcast clouds
298,Talara,-4.5772,-81.2719,66.49,90,96,12.62,PE,2021-07-30 02:23:00,overcast clouds
299,Darlowo,54.421,16.4107,56.95,71,8,18.72,PL,2021-07-30 02:25:26,clear sky
300,Rocha,-34.4833,-54.3333,39.15,84,6,4.83,UY,2021-07-30 02:23:27,clear sky
301,Vao,-22.6667,167.4833,71.35,70,2,20.04,NC,2021-07-30 02:21:07,clear sky
302,Nakamura,32.9833,132.9333,90.68,52,4,1.88,JP,2021-07-30 02:25:27,clear sky
303,Weligama,5.9667,80.4167,80.35,84,34,12.53,LK,2021-07-30 02:21:44,scattered clouds
304,Aykhal,66.0,111.5,73.98,33,99,7.54,RU,2021-07-30 02:25:19,overcast clouds
305,Westport,41.1415,-73.3579,74.19,94,90,1.99,US,2021-07-30 02:21:05,overcast clouds
306,Longyearbyen,78.2186,15.6401,42.64,87,75,3.44,SJ,2021-07-30 02:18:59,light rain
307,Rupert,42.6191,-113.6772,89.49,37,20,17.27,US,2021-07-30 02:25:28,few clouds
308,Jinchang,38.4953,102.1739,86.88,14,0,5.1,CN,2021-07-30 02:25:28,clear sky
309,Asau,46.4333,26.4,66.76,97,0,3.67,RO,2021-07-30 02:21:41,clear sky
310,Djambala,-2.5447,14.7533,69.58,50,12,4.32,CG,2021-07-30 02:25:29,few clouds
311,Sinop,41.7711,34.8709,63.52,58,0,4.32,TR,2021-07-30 02:22:28,clear sky
312,Luderitz,-26.6481,15.1594,64.96,38,0,11.63,NA,2021-07-30 02:21:18,clear sky
313,Chipinge,-20.1883,32.6236,49.87,66,18,2.77,ZW,2021-07-30 02:25:29,few clouds
314,Manali,13.1667,80.2667,86.09,58,100,14.9,IN,2021-07-30 02:25:30,overcast clouds
315,Sabinas,27.85,-101.1167,91.22,35,96,10.51,MX,2021-07-30 02:25:30,overcast clouds
316,Kahului,20.8947,-156.47,84.22,77,40,21.85,US,2021-07-30 02:19:06,scattered clouds
317,Warrnambool,-38.3833,142.4833,55.81,59,75,26.82,AU,2021-07-30 02:25:31,broken clouds
318,Saint-Pierre,-21.3393,55.4781,67.68,82,40,20.71,RE,2021-07-30 02:19:48,scattered clouds
319,Beipiao,41.7919,120.7792,69.35,95,100,12.28,CN,2021-07-30 02:21:10,light rain
320,Muroran,42.3172,140.9881,86.25,96,100,14.23,JP,2021-07-30 02:25:31,overcast clouds
321,Evensk,61.95,159.2333,52.75,53,99,9.37,RU,2021-07-30 02:13:07,overcast clouds
322,Luanda,-8.8368,13.2343,69.8,88,20,2.3,AO,2021-07-30 02:25:32,few clouds
323,Awjilah,29.1081,21.2869,78.55,61,0,10.33,LY,2021-07-30 02:20:05,clear sky
324,Bambanglipuro,-7.95,110.2833,81.63,74,60,9.35,ID,2021-07-30 02:25:32,broken clouds
325,Hailun,47.45,126.9333,77.79,72,100,5.35,CN,2021-07-30 02:25:32,overcast clouds
326,Hlobyne,49.3878,33.2596,66.49,94,1,7.78,UA,2021-07-30 02:25:33,clear sky
327,Adrar,20.5022,-10.0711,86.4,38,49,16.49,MR,2021-07-30 02:25:33,scattered clouds
328,Dwarka,22.2394,68.9678,82.35,83,100,23.78,IN,2021-07-30 02:25:34,overcast clouds
329,Nizwa,22.9333,57.5333,87.51,47,99,4.38,OM,2021-07-30 02:24:13,overcast clouds
330,Grindavik,63.8424,-22.4338,61.9,100,0,6.91,IS,2021-07-30 02:25:34,clear sky
331,Kalmunai,7.4167,81.8167,82.2,70,50,4.14,LK,2021-07-30 02:25:34,scattered clouds
332,Acapulco,16.8634,-99.8901,84.02,70,75,0.0,MX,2021-07-30 02:25:35,broken clouds
333,Bela,25.9333,81.9833,79.61,92,100,3.8,IN,2021-07-30 02:25:35,overcast clouds
334,Katsuura,35.1333,140.3,86.04,82,26,8.72,JP,2021-07-30 02:20:09,scattered clouds
335,Tenenkou,14.4572,-4.9169,82.98,65,75,9.84,ML,2021-07-30 02:25:36,broken clouds
336,Doaba,33.4244,70.7364,81.25,74,26,0.87,PK,2021-07-30 02:25:36,scattered clouds
337,Hue,16.4667,107.6,95.11,49,20,8.05,VN,2021-07-30 02:25:36,few clouds
338,Ayan,56.45,138.1667,55.2,82,100,23.96,RU,2021-07-30 02:22:38,light rain
339,Nikolskoye,59.7035,30.7861,64.29,90,56,6.17,RU,2021-07-30 02:25:37,broken clouds
340,Ostrovnoy,68.0531,39.5131,43.02,88,9,2.06,RU,2021-07-30 02:20:04,clear sky
341,Ereymentau,51.6199,73.1033,60.4,44,0,3.38,KZ,2021-07-30 02:25:37,clear sky
342,Mikkeli,61.6886,27.2723,60.91,94,0,6.91,FI,2021-07-30 02:25:38,clear sky
343,Huangchuan,32.1272,115.0394,85.33,74,5,5.86,CN,2021-07-30 02:25:38,clear sky
344,Togur,58.3631,82.8265,56.95,81,0,3.13,RU,2021-07-30 02:25:39,clear sky
345,Sampit,-2.5333,112.95,85.73,64,75,3.78,ID,2021-07-30 02:21:02,broken clouds
346,Richards Bay,-28.783,32.0377,59.76,77,2,7.11,ZA,2021-07-30 02:25:39,clear sky
347,Campo Grande,-20.4428,-54.6464,47.75,40,0,9.22,BR,2021-07-30 02:25:39,clear sky
348,Padang,-0.9492,100.3543,82.45,64,100,0.89,ID,2021-07-30 02:23:00,overcast clouds
349,Russell,32.3502,-85.1999,85.23,90,1,0.0,US,2021-07-30 02:25:40,clear sky
350,Paamiut,61.994,-49.6678,43.43,87,100,3.27,GL,2021-07-30 02:22:48,overcast clouds
351,Soto La Marina,23.7667,-98.2167,79.41,85,100,4.25,MX,2021-07-30 02:25:40,overcast clouds
352,Monrovia,6.3005,-10.7969,76.5,81,18,6.73,LR,2021-07-30 02:23:20,few clouds
353,Waipawa,-41.4122,175.5153,59.11,62,3,4.54,NZ,2021-07-30 02:23:45,clear sky
354,Itzehoe,53.921,9.5153,61.07,84,19,12.19,DE,2021-07-30 02:25:41,few clouds
355,Guerrero Negro,27.9769,-114.0611,71.83,80,4,20.69,MX,2021-07-30 02:22:15,clear sky
356,Nanortalik,60.1432,-45.2371,46.29,80,100,16.42,GL,2021-07-30 02:25:41,overcast clouds
357,Murdochville,48.9583,-65.5006,54.48,76,100,2.75,CA,2021-07-30 02:25:42,overcast clouds
358,Leningradskiy,69.3833,178.4167,32.79,97,100,20.36,RU,2021-07-30 02:22:27,light snow
359,Acarau,-2.8856,-40.12,77.47,87,47,8.57,BR,2021-07-30 02:25:43,scattered clouds
360,Toccoa,34.5773,-83.3324,82.04,75,1,4.61,US,2021-07-30 02:25:43,clear sky
361,Iskateley,67.6803,53.1512,46.87,84,24,3.6,RU,2021-07-30 02:15:43,few clouds
362,Athabasca,54.7169,-113.2854,76.82,46,53,12.44,CA,2021-07-30 02:22:18,broken clouds
363,Sinnamary,5.3833,-52.95,78.19,84,6,5.79,GF,2021-07-30 02:21:58,clear sky
364,Tuatapere,-46.1333,167.6833,49.82,76,100,1.32,NZ,2021-07-30 02:25:44,overcast clouds
365,Spornoye,50.8448,37.2913,68.02,94,47,8.3,RU,2021-07-30 02:25:44,scattered clouds
366,Fort Nelson,58.8053,-122.7002,78.39,29,20,8.05,CA,2021-07-30 02:19:34,few clouds
367,Bridlington,54.0831,-0.1919,56.28,86,100,6.8,GB,2021-07-30 02:25:44,overcast clouds
368,San Borja,-14.8167,-66.85,54.57,50,17,4.38,BO,2021-07-30 02:25:45,few clouds
369,Hinton,53.4001,-117.5857,84.24,56,44,5.03,CA,2021-07-30 02:25:45,scattered clouds
370,Zambezi,-13.5432,23.1047,49.68,46,73,5.08,ZM,2021-07-30 02:25:45,broken clouds
371,Svetlogorsk,52.6333,29.7333,61.47,97,15,6.08,BY,2021-07-30 02:25:46,few clouds
372,Wahiawa,21.5028,-158.0236,86.32,62,1,12.66,US,2021-07-30 02:21:01,clear sky
373,Samoded,63.6083,40.5111,54.01,78,100,3.06,RU,2021-07-30 02:20:08,overcast clouds
374,Kandalaksha,67.162,32.4123,49.14,79,100,4.07,RU,2021-07-30 02:25:47,overcast clouds
375,Orebro,59.2741,15.2066,55.78,34,40,3.74,SE,2021-07-30 02:25:47,scattered clouds
376,Salalah,17.0151,54.0924,77.09,94,90,11.5,OM,2021-07-30 02:25:47,light intensity drizzle
377,Ust-Kan,50.9276,84.761,57.45,81,95,2.64,RU,2021-07-30 02:25:48,overcast clouds
378,Vestmannaeyjar,63.4427,-20.2734,53.4,92,27,12.8,IS,2021-07-30 02:21:49,scattered clouds
379,Port Moresby,-9.4431,147.1797,87.22,62,40,11.5,PG,2021-07-30 02:25:48,haze
380,Lasa,46.6166,10.7002,61.68,95,4,2.08,IT,2021-07-30 02:22:08,clear sky
381,Dali,25.7,100.1833,66.52,90,100,3.09,CN,2021-07-30 02:25:48,overcast clouds
382,Xichang,27.8964,102.2634,69.04,90,100,1.86,CN,2021-07-30 02:25:49,light rain
383,Tsabong,-26.0217,22.401,49.41,28,0,9.6,BW,2021-07-30 02:25:49,clear sky
384,Noumea,-22.2763,166.4572,77.0,99,14,18.23,NC,2021-07-30 02:24:27,light rain
385,Linfen,36.0889,111.5189,87.96,45,0,6.42,CN,2021-07-30 02:21:54,clear sky
386,Tornio,65.8481,24.1466,55.42,90,6,11.81,FI,2021-07-30 02:25:50,clear sky
387,Champerico,14.3,-91.9167,80.35,84,100,5.95,GT,2021-07-30 02:20:02,overcast clouds
388,Peniche,39.3558,-9.3811,65.28,89,3,14.9,PT,2021-07-30 02:25:51,clear sky
389,Stepantsevo,56.1314,41.7032,61.54,92,99,5.28,RU,2021-07-30 02:25:51,overcast clouds
390,Luau,-10.7073,22.2247,55.63,34,0,5.44,AO,2021-07-30 02:25:51,clear sky
391,Sarkikaraagac,38.0794,31.3664,60.44,42,0,4.14,TR,2021-07-30 02:25:52,clear sky
392,Kawalu,-7.3817,108.2082,77.47,78,73,1.9,ID,2021-07-30 02:21:10,broken clouds
393,Bathsheba,13.2167,-59.5167,81.21,74,20,12.66,BB,2021-07-30 02:20:06,few clouds
394,Pacific Grove,36.6177,-121.9166,84.15,85,40,3.0,US,2021-07-30 02:22:52,scattered clouds
395,Barra,-11.0894,-43.1417,74.75,40,0,4.56,BR,2021-07-30 02:23:01,clear sky
396,Keetmanshoop,-26.5833,18.1333,49.12,40,0,8.05,NA,2021-07-30 02:25:53,clear sky
397,Carutapera,-1.195,-46.02,75.47,93,29,6.02,BR,2021-07-30 02:23:04,scattered clouds
398,Ellisras,-23.6649,27.7443,51.17,33,0,6.46,ZA,2021-07-30 02:25:53,clear sky
399,Nawa,27.0167,75.0,81.25,79,100,14.9,IN,2021-07-30 02:25:54,overcast clouds
400,Novoorsk,51.381,58.9813,65.05,45,100,6.33,RU,2021-07-30 02:25:54,overcast clouds
401,Mahoba,25.2833,79.8667,78.37,91,100,8.99,IN,2021-07-30 02:25:54,overcast clouds
402,Komsomolskiy,40.4272,71.7189,79.52,29,90,9.22,UZ,2021-07-30 02:22:59,overcast clouds
403,Kerema,-7.9631,145.7785,84.49,71,94,6.06,PG,2021-07-30 02:25:55,overcast clouds
404,Vestmanna,62.1564,-7.1664,49.12,100,90,10.36,FO,2021-07-30 02:25:55,overcast clouds
405,Eaglesfield,54.6406,-3.4044,60.24,87,100,2.19,GB,2021-07-30 02:25:56,overcast clouds
406,Nandura,20.8333,76.45,78.03,80,100,9.73,IN,2021-07-30 02:25:56,overcast clouds
407,Tateyama,34.9833,139.8667,84.97,79,69,8.75,JP,2021-07-30 02:21:42,broken clouds
408,Pouembout,-21.1333,164.9,77.0,55,12,9.75,NC,2021-07-30 02:25:56,few clouds
409,Vostok,46.4856,135.8833,71.06,90,100,1.59,RU,2021-07-30 02:25:57,overcast clouds
410,Tual,-5.6667,132.75,80.94,82,84,12.86,ID,2021-07-30 02:21:27,broken clouds
411,Bara,10.3744,10.7288,72.82,95,95,5.99,NG,2021-07-30 02:25:57,light rain
412,Zaykovo,57.5613,62.7568,55.22,99,100,5.1,RU,2021-07-30 02:21:14,moderate rain
413,Terrace Bay,48.7834,-87.1,53.22,63,0,6.13,CA,2021-07-30 02:25:58,clear sky
414,Norilsk,69.3535,88.2027,57.16,93,100,1.54,RU,2021-07-30 02:22:54,moderate rain
415,Guiyang,26.5833,106.7167,82.89,69,20,2.24,CN,2021-07-30 02:25:59,few clouds
416,Isangel,-19.55,169.2667,75.92,77,39,8.41,VU,2021-07-30 02:25:59,scattered clouds
417,Bonnyville,54.2668,-110.735,78.12,29,2,10.51,CA,2021-07-30 02:25:59,clear sky
418,Emba,48.8264,58.1442,70.3,33,73,3.2,KZ,2021-07-30 02:26:00,broken clouds
419,Gwadar,25.1216,62.3254,82.04,85,99,5.53,PK,2021-07-30 02:26:00,overcast clouds
420,Buala,-8.145,159.5921,85.17,68,4,7.38,SB,2021-07-30 02:26:00,clear sky
421,Wucheng,29.6008,118.175,89.2,61,13,1.34,CN,2021-07-30 02:26:01,few clouds
422,Wenling,28.3669,121.36,92.91,84,82,8.01,CN,2021-07-30 02:26:01,light rain
423,Egvekinot,66.3167,-179.1667,34.54,98,100,3.56,RU,2021-07-30 02:26:02,light rain
424,Erenhot,43.6475,111.9767,80.71,39,0,12.95,CN,2021-07-30 02:26:02,clear sky
425,Zakamensk,50.3741,103.2863,58.01,80,91,3.91,RU,2021-07-30 02:26:02,overcast clouds
426,Kichera,55.9375,110.0997,68.99,62,1,6.02,RU,2021-07-30 02:26:03,clear sky
427,Burgeo,47.6167,-57.6152,56.71,89,90,8.3,CA,2021-07-30 02:26:03,overcast clouds
428,Jacareacanga,-6.2222,-57.7528,71.69,52,1,2.62,BR,2021-07-30 02:26:03,clear sky
429,Hambantota,6.1241,81.1185,81.46,77,42,20.58,LK,2021-07-30 02:20:57,scattered clouds
430,Joshimath,30.5667,79.5667,73.17,84,99,0.49,IN,2021-07-30 02:26:04,overcast clouds
431,Praia Da Vitoria,38.7333,-27.0667,72.75,94,75,9.4,PT,2021-07-30 02:20:50,broken clouds
432,Bougouni,11.417,-7.479,70.12,97,100,4.68,ML,2021-07-30 02:26:04,light rain
433,Koronowo,53.3137,17.937,61.32,68,37,6.46,PL,2021-07-30 02:26:05,scattered clouds
434,Kholodnyy,62.7167,147.95,49.84,50,87,11.41,RU,2021-07-30 02:26:05,overcast clouds
435,Maunabo,18.0072,-65.8993,82.24,89,100,10.27,PR,2021-07-30 02:26:05,overcast clouds
436,Gwembe,-16.4975,27.6069,50.34,59,86,1.99,ZM,2021-07-30 02:26:06,overcast clouds
437,Kholtoson,50.2981,103.3097,56.48,81,89,4.32,RU,2021-07-30 02:26:06,overcast clouds
438,Caravelas,-17.7125,-39.2481,69.64,82,100,14.72,BR,2021-07-30 02:26:06,overcast clouds
439,Shancheng,34.7953,116.0817,78.69,77,0,6.91,CN,2021-07-30 02:26:07,clear sky
440,Lang Son,21.8333,106.7333,85.14,76,99,4.36,VN,2021-07-30 02:26:07,overcast clouds
441,Kijang,35.2442,129.2139,91.13,58,94,10.94,KR,2021-07-30 02:26:07,overcast clouds
442,La Ronge,55.1001,-105.2842,75.42,49,75,9.22,CA,2021-07-30 02:19:37,broken clouds
443,Ixtapa,20.7,-105.2,85.23,74,75,0.0,MX,2021-07-30 02:23:21,broken clouds
444,Kashi,39.4547,75.9797,81.61,24,20,13.42,CN,2021-07-30 02:26:08,few clouds
445,Taltal,-25.4,-70.4833,62.04,53,0,4.68,CL,2021-07-30 02:26:08,clear sky
446,Ozinki,51.1786,49.6769,70.05,54,64,7.45,RU,2021-07-30 02:24:09,broken clouds
447,Juneau,58.3019,-134.4197,73.4,71,20,9.22,US,2021-07-30 02:26:09,few clouds
448,Butajira,8.1167,38.3667,56.77,91,99,4.09,ET,2021-07-30 02:26:09,overcast clouds
449,Plettenberg Bay,-34.0527,23.3716,53.65,71,7,4.23,ZA,2021-07-30 02:20:53,clear sky
450,Celestun,20.8667,-90.4,83.05,73,23,15.99,MX,2021-07-30 02:26:09,few clouds
451,Sao Joao Da Barra,-21.6403,-41.0511,60.84,61,0,19.93,BR,2021-07-30 02:21:20,clear sky
452,Moose Jaw,50.4001,-105.5344,80.26,36,6,9.22,CA,2021-07-30 02:23:51,clear sky
453,Cap Malheureux,-19.9842,57.6142,70.47,73,84,5.99,MU,2021-07-30 02:19:19,light rain
454,Ust-Barguzin,53.45,108.9833,55.94,92,100,6.08,RU,2021-07-30 02:24:11,overcast clouds
455,San Andres,12.5847,-81.7006,82.42,78,40,11.5,CO,2021-07-30 02:26:10,scattered clouds
456,Kieta,-6.2167,155.6333,85.17,69,27,5.53,PG,2021-07-30 02:26:11,scattered clouds
457,Kayerkan,69.3497,87.7602,53.98,97,100,3.94,RU,2021-07-30 02:26:11,moderate rain
458,Goderich,43.7501,-81.7165,69.91,88,0,9.22,CA,2021-07-30 02:22:29,clear sky
459,Oussouye,12.485,-16.5469,77.94,82,100,4.63,SN,2021-07-30 02:26:11,overcast clouds
460,Neuquen,-38.9516,-68.0591,37.29,75,0,0.0,AR,2021-07-30 02:26:12,clear sky
461,Chebenki,51.9337,55.7077,71.35,28,100,11.16,RU,2021-07-30 02:26:12,light rain
462,Salgar,5.965,-75.9654,70.34,98,100,2.62,CO,2021-07-30 02:26:12,overcast clouds
463,Darhan,49.4867,105.9228,59.38,86,100,10.07,MN,2021-07-30 02:26:13,overcast clouds
464,Raudeberg,61.9875,5.1352,59.67,93,79,17.0,NO,2021-07-30 02:26:13,broken clouds
465,Bhanjanagar,19.9333,84.5833,77.65,87,100,4.21,IN,2021-07-30 02:26:14,moderate rain
466,Amurzet,47.6967,131.0981,86.09,50,100,5.48,RU,2021-07-30 02:26:14,overcast clouds
467,Vardo,70.3705,31.1107,45.03,86,100,4.99,NO,2021-07-30 02:26:14,overcast clouds
468,Det Udom,14.906,105.0784,89.04,79,83,13.15,TH,2021-07-30 02:26:15,broken clouds
469,Namatanai,-3.6667,152.4333,85.08,68,19,2.68,PG,2021-07-30 02:20:39,light rain
470,Sadat,25.6833,83.2833,82.49,88,100,1.95,IN,2021-07-30 02:26:15,overcast clouds
471,Azul,-36.777,-59.8585,40.03,63,0,7.67,AR,2021-07-30 02:26:16,clear sky
472,Chaman,30.9236,66.4512,81.79,14,14,8.08,PK,2021-07-30 02:26:16,few clouds
473,Banda Aceh,5.5577,95.3222,83.53,74,100,13.0,ID,2021-07-30 02:26:16,overcast clouds
474,Clyde River,70.4692,-68.5914,39.43,93,1,14.97,CA,2021-07-30 02:26:14,clear sky
475,Port Blair,11.6667,92.75,83.44,82,92,17.25,IN,2021-07-30 02:21:04,overcast clouds
476,Muravlenko,63.7898,74.523,49.05,78,100,11.7,RU,2021-07-30 02:24:46,overcast clouds
477,Ilulissat,69.2167,-51.1,46.42,81,96,0.0,GL,2021-07-30 02:26:17,overcast clouds
478,Ambon,-3.6954,128.1814,89.74,79,40,2.3,ID,2021-07-30 02:26:17,scattered clouds
479,Bilibino,68.0546,166.4372,43.88,50,78,10.54,RU,2021-07-30 02:26:18,broken clouds
480,North Platte,41.1239,-100.7654,82.26,71,1,3.0,US,2021-07-30 02:26:18,clear sky
481,Redlands,34.0556,-117.1825,97.45,28,1,1.99,US,2021-07-30 02:26:18,clear sky
482,Grivenskaya,45.6473,38.176,69.19,56,0,2.33,RU,2021-07-30 02:26:19,clear sky
483,Iracoubo,5.4802,-53.2011,77.52,86,3,5.5,GF,2021-07-30 02:26:19,clear sky
484,Calafell,41.2,1.5683,77.86,91,0,2.98,ES,2021-07-30 02:26:20,clear sky
485,Salym,60.0625,71.4789,45.99,96,100,5.88,RU,2021-07-30 02:22:07,light rain
486,Port Alberni,49.2413,-124.8028,91.89,37,0,1.99,CA,2021-07-30 02:26:20,clear sky
487,Svetlaya,46.5389,138.3297,76.21,80,100,8.28,RU,2021-07-30 02:26:20,overcast clouds
488,Pehowa,29.9833,76.5833,80.89,84,58,6.64,IN,2021-07-30 02:26:21,broken clouds
489,Azoyu,16.7167,-98.7333,74.93,95,100,1.21,MX,2021-07-30 02:26:21,overcast clouds
490,Viedma,-40.8135,-62.9967,52.97,31,5,15.5,AR,2021-07-30 02:19:25,clear sky
491,Luganville,-15.5333,167.1667,80.94,78,22,3.74,VU,2021-07-30 02:26:22,few clouds
492,Whitehorse,60.7161,-135.0538,75.02,27,20,13.0,CA,2021-07-30 02:21:35,few clouds
493,Kristiansund,63.1115,7.732,59.05,82,90,8.05,NO,2021-07-30 02:26:22,overcast clouds
494,Bull Savanna,17.8868,-77.5902,77.04,83,43,9.91,JM,2021-07-30 02:26:22,scattered clouds
495,Hokitika,-42.7167,170.9667,59.92,67,91,3.85,NZ,2021-07-30 02:26:23,overcast clouds
496,Morgan City,29.6994,-91.2068,82.04,94,1,8.05,US,2021-07-30 02:26:23,clear sky
497,Maniitsoq,65.4167,-52.9,46.42,77,3,10.92,GL,2021-07-30 02:26:23,clear sky
498,Taoudenni,22.6783,-3.9836,95.31,31,46,9.91,ML,2021-07-30 02:22:06,scattered clouds
499,Port Hedland,-20.3167,118.5667,78.85,44,40,16.11,AU,2021-07-30 02:26:24,scattered clouds
500,Adeje,28.1227,-16.726,70.02,76,20,12.66,ES,2021-07-30 02:26:24,few clouds
501,Preobrazheniye,42.9019,133.9064,79.83,73,100,4.59,RU,2021-07-30 02:22:26,overcast clouds
502,Am Timan,11.0297,20.2827,73.53,94,65,4.05,TD,2021-07-30 02:26:25,broken clouds
503,Ocean City,39.2776,-74.5746,79.05,91,92,14.94,US,2021-07-30 02:23:32,overcast clouds
504,Farafangana,-22.8167,47.8333,68.45,75,98,4.16,MG,2021-07-30 02:26:25,overcast clouds
505,Caramay,10.1815,119.236,86.83,62,100,4.61,PH,2021-07-30 02:26:26,overcast clouds
506,Massaguet,12.4755,15.4365,77.04,85,100,8.5,TD,2021-07-30 02:26:26,moderate rain
507,Waddan,29.1614,16.139,76.75,48,0,4.61,LY,2021-07-30 02:25:09,clear sky
508,Sabinas Hidalgo,26.5,-100.1667,84.76,34,100,7.23,MX,2021-07-30 02:26:26,overcast clouds
509,Henties Bay,-22.116,14.2845,58.77,65,0,2.46,NA,2021-07-30 02:26:27,clear sky
510,Krasnoyarskiy,51.965,59.8967,61.59,50,100,7.78,RU,2021-07-30 02:26:27,overcast clouds
511,Oktyabrskoye,43.0645,44.7417,55.54,93,0,4.47,RU,2021-07-30 02:26:27,clear sky
512,Khilok,51.3674,110.4676,61.25,84,100,5.35,RU,2021-07-30 02:26:28,light rain
513,Ekhabi,53.5102,142.9671,58.78,98,100,10.22,RU,2021-07-30 02:26:28,light rain
514,Diffa,13.3154,12.6113,80.38,70,91,6.49,NE,2021-07-30 02:26:28,overcast clouds
515,Puerto Palomas,31.7667,-107.6167,88.93,26,31,22.79,MX,2021-07-30 02:26:29,scattered clouds
516,Zavallya,48.2135,30.0156,66.69,93,1,7.36,UA,2021-07-30 02:26:29,clear sky
517,Barranco,9.5167,-82.7,77.41,89,18,1.48,PA,2021-07-30 02:26:30,few clouds
518,Fukuma,33.7667,130.4667,95.29,55,16,7.72,JP,2021-07-30 02:26:30,few clouds
519,Chumikan,54.7183,135.315,52.05,94,100,25.37,RU,2021-07-30 02:24:39,moderate rain
520,Maceio,-9.6658,-35.7353,69.24,100,0,2.3,BR,2021-07-30 02:26:30,clear sky
521,Sesheke,-17.4759,24.2968,49.53,55,13,2.59,ZM,2021-07-30 02:26:31,few clouds
522,Nenjiang,49.1833,125.2167,78.04,78,12,3.65,CN,2021-07-30 02:26:31,few clouds
523,Okha,53.5739,142.9478,58.19,98,100,12.44,RU,2021-07-30 02:26:31,light rain
524,Bol,13.4586,14.7147,79.97,78,100,11.54,TD,2021-07-30 02:26:32,overcast clouds
525,Tadine,-21.55,167.8833,75.25,52,7,6.4,NC,2021-07-30 02:26:32,clear sky
526,Mnogovershinnyy,53.9353,139.9242,52.81,96,100,7.27,RU,2021-07-30 02:26:32,light rain
527,Mende,44.6667,3.5,55.67,94,100,2.71,FR,2021-07-30 02:26:33,overcast clouds
528,Nuuk,64.1835,-51.7216,47.01,87,1,9.22,GL,2021-07-30 02:26:33,clear sky
529,Klishkivtsi,48.4316,26.2623,69.06,93,6,4.34,UA,2021-07-30 02:26:33,clear sky
530,Dicabisagan,17.0818,122.4157,86.22,68,100,1.74,PH,2021-07-30 02:26:34,overcast clouds
531,Blagoyevo,63.3667,47.9167,51.73,83,100,3.98,RU,2021-07-30 02:21:12,overcast clouds
532,Imbituba,-28.24,-48.6703,47.82,68,0,8.3,BR,2021-07-30 02:26:34,clear sky
533,Axim,4.8699,-2.2405,75.6,89,19,7.45,GH,2021-07-30 02:23:09,few clouds
534,Shamilkala,42.6858,46.8639,59.23,75,5,4.83,RU,2021-07-30 02:26:35,clear sky
535,Gobabis,-22.45,18.9667,45.73,39,0,8.95,NA,2021-07-30 02:26:35,clear sky
536,Sangar,63.9242,127.4739,69.73,32,17,1.86,RU,2021-07-30 02:20:37,few clouds
537,Korla,41.7597,86.1469,92.48,18,17,23.31,CN,2021-07-30 02:26:35,few clouds
538,Bandiagara,14.3501,-3.6104,81.23,67,84,9.26,ML,2021-07-30 02:26:36,broken clouds
539,Wum,6.3833,10.0667,62.4,97,93,3.02,CM,2021-07-30 02:26:36,overcast clouds
540,Baldeogarh,24.755,79.0681,75.54,96,100,8.21,IN,2021-07-30 02:26:36,overcast clouds
541,Marsh Harbour,26.5412,-77.0636,83.91,69,7,9.01,BS,2021-07-30 02:21:11,clear sky
542,Tigil,57.8,158.6667,57.72,55,79,15.05,RU,2021-07-30 02:26:37,broken clouds
543,North Bend,43.4065,-124.2243,63.86,97,90,14.97,US,2021-07-30 02:26:37,mist
544,Bom Jesus,-9.0744,-44.3586,74.23,40,0,2.04,BR,2021-07-30 02:26:38,clear sky
545,Gandajika,-6.75,23.95,70.25,42,0,4.07,CD,2021-07-30 02:26:38,clear sky
546,Zelenogradsk,54.9589,20.4767,60.85,82,0,6.71,RU,2021-07-30 02:26:38,clear sky
547,Kavieng,-2.5744,150.7967,83.84,71,71,3.91,PG,2021-07-30 02:26:39,light rain
548,Nyurba,63.2842,118.3319,73.36,31,17,5.97,RU,2021-07-30 02:26:39,few clouds
549,Yaan,7.3833,8.5667,71.17,95,100,5.3,NG,2021-07-30 02:26:39,overcast clouds
550,Tambovka,50.0969,128.0489,78.91,65,17,4.21,RU,2021-07-30 02:26:40,few clouds
551,San Cristobal,7.7669,-72.225,77.18,97,51,4.36,VE,2021-07-30 02:26:40,broken clouds
552,Batemans Bay,-35.7167,150.1833,61.11,29,0,4.72,AU,2021-07-30 02:26:40,clear sky
553,Nome,64.5011,-165.4064,50.16,93,90,10.36,US,2021-07-30 02:26:41,mist
554,Marawi,7.9986,124.2928,83.97,52,70,3.62,PH,2021-07-30 02:26:41,broken clouds
555,Charters Towers,-20.1,146.2667,82.69,34,0,3.62,AU,2021-07-30 02:26:41,clear sky
556,Khani,41.9563,42.9566,58.57,88,15,4.47,GE,2021-07-30 02:23:02,few clouds
557,Nelson Bay,-32.7167,152.15,65.08,46,0,3.49,AU,2021-07-30 02:26:42,clear sky
558,Geraldton,-28.7667,114.6,64.81,68,90,20.71,AU,2021-07-30 02:26:42,overcast clouds
559,Wewak,-3.5534,143.6268,84.02,75,36,4.81,PG,2021-07-30 02:26:43,scattered clouds
560,Hirara,24.8,125.2833,88.07,79,75,9.22,JP,2021-07-30 02:26:43,broken clouds
561,Lodja,-3.4833,23.4333,68.23,56,36,1.32,CD,2021-07-30 02:26:43,scattered clouds
562,Roswell,34.0232,-84.3616,83.98,79,1,4.61,US,2021-07-30 02:24:42,clear sky
563,Ust-Omchug,61.15,149.6333,47.84,54,87,12.35,RU,2021-07-30 02:26:44,overcast clouds
564,Alta Gracia,-31.6529,-64.4283,47.37,38,0,2.95,AR,2021-07-30 02:26:44,clear sky
565,Auch,43.65,0.5833,69.71,85,100,5.73,FR,2021-07-30 02:26:45,overcast clouds
566,Narasannapeta,18.4167,84.05,79.79,77,100,5.88,IN,2021-07-30 02:26:45,overcast clouds
567,Heishan,41.6892,122.1128,71.44,97,100,15.43,CN,2021-07-30 02:26:45,light rain
568,Sao Felix Do Xingu,-6.6447,-51.995,74.8,47,70,2.06,BR,2021-07-30 02:26:46,broken clouds
569,Zwedru,6.0667,-8.1281,68.99,97,25,2.77,LR,2021-07-30 02:26:46,scattered clouds
570,Yarensk,62.1675,49.0916,54.54,99,100,2.06,RU,2021-07-30 02:26:46,overcast clouds
571,Coquimbo,-29.9533,-71.3436,49.73,93,90,1.14,CL,2021-07-30 02:21:53,overcast clouds
572,Shelburne,44.0787,-80.2041,64.74,85,0,6.69,CA,2021-07-30 02:26:47,clear sky
573,Phan Thiet,10.9333,108.1,83.8,72,91,13.69,VN,2021-07-30 02:24:54,overcast clouds
574,Billings,45.7833,-108.5007,84.51,43,75,9.22,US,2021-07-30 02:26:15,haze
575,Chengdu,30.6667,104.0667,89.85,54,0,6.71,CN,2021-07-30 02:22:28,clear sky
576,Hervey Bay,-25.2986,152.8535,71.71,61,15,12.71,AU,2021-07-30 02:26:48,few clouds
577,Yagodnoye,62.55,149.6667,44.38,63,100,7.83,RU,2021-07-30 02:26:48,overcast clouds
578,Desaguadero,-16.5656,-69.0417,45.34,44,58,9.06,PE,2021-07-30 02:26:48,broken clouds
579,Mandera,3.9366,41.867,74.82,60,97,17.49,KE,2021-07-30 02:21:42,overcast clouds
580,Chontalpa,17.7,-93.5167,76.19,93,100,5.55,MX,2021-07-30 02:26:49,overcast clouds
581,Minab,27.1467,57.0801,85.5,45,49,2.75,IR,2021-07-30 02:26:49,scattered clouds
582,Samarai,-10.6167,150.6667,80.02,85,50,14.29,PG,2021-07-30 02:21:47,scattered clouds
583,Kalabo,-14.97,22.6814,51.01,45,77,6.55,ZM,2021-07-30 02:26:49,broken clouds
584,Abakaliki,6.3163,8.1169,79.95,95,92,6.71,NG,2021-07-30 02:26:50,overcast clouds
585,Ulladulla,-35.35,150.4667,66.87,33,0,2.33,AU,2021-07-30 02:26:50,clear sky
586,Carauari,-4.8828,-66.8958,77.07,55,100,2.82,BR,2021-07-30 02:21:07,overcast clouds
587,Brae,60.3964,-1.353,53.51,96,100,8.23,GB,2021-07-30 02:26:51,overcast clouds
588,Oranjemund,-28.55,16.4333,55.18,58,0,5.5,NA,2021-07-30 02:26:51,clear sky
589,Alta Floresta,-9.8756,-56.0861,67.82,60,0,4.61,BR,2021-07-30 02:26:51,clear sky
590,Shubarkuduk,49.1447,56.4872,70.18,30,100,2.15,KZ,2021-07-30 02:26:52,overcast clouds
591,Margate,51.3813,1.3862,61.92,88,100,1.99,GB,2021-07-30 02:26:52,overcast clouds
592,Pingxiang,27.6167,113.85,90.1,63,3,1.92,CN,2021-07-30 02:26:52,clear sky
593,Solwezi,-12.1688,26.3894,48.94,55,0,3.94,ZM,2021-07-30 02:26:53,clear sky
594,Ternate,0.8,127.4,83.97,71,27,1.79,ID,2021-07-30 02:26:53,scattered clouds
595,Odweyne,9.4092,45.064,70.2,62,100,23.53,SO,2021-07-30 02:26:53,overcast clouds
596,Mamallapuram,12.6264,80.1722,86.05,58,100,13.96,IN,2021-07-30 02:21:07,overcast clouds
597,Reconquista,-29.15,-59.65,41.81,50,0,6.04,AR,2021-07-30 02:26:54,clear sky
598,Mayo,38.8876,-76.5119,80.06,93,1,1.99,US,2021-07-30 02:26:54,mist
599,Platanos,37.6667,21.6167,83.7,38,0,4.12,GR,2021-07-30 02:26:55,clear sky
600,Sao Borja,-28.6606,-56.0044,40.14,67,0,4.38,BR,2021-07-30 02:26:55,clear sky
601,Jati,24.3539,68.2671,82.72,78,100,20.27,PK,2021-07-30 02:26:55,overcast clouds
602,Lagunas,-5.2269,-75.6753,66.31,76,20,4.9,PE,2021-07-30 02:26:56,few clouds
603,Camacha,33.0833,-16.3333,67.42,73,20,13.8,PT,2021-07-30 02:26:56,few clouds
604,Dingle,10.9995,122.6711,87.48,65,60,13.22,PH,2021-07-30 02:26:56,broken clouds
605,Owando,-0.4819,15.8999,72.63,61,66,1.79,CG,2021-07-30 02:26:57,broken clouds
606,Marfino,55.7028,37.3822,68.88,94,0,0.0,RU,2021-07-30 02:26:57,clear sky
607,Hastings,50.8552,0.5729,63.28,82,100,15.17,GB,2021-07-30 02:22:00,overcast clouds
608,Payo,-3.7508,103.6372,82.65,60,10,0.87,ID,2021-07-30 02:26:57,clear sky
609,Paka,4.6374,103.4368,80.06,82,100,3.89,MY,2021-07-30 02:22:52,light rain
610,Meulaboh,4.1363,96.1285,79.84,80,99,2.46,ID,2021-07-30 02:22:24,overcast clouds
611,Robat Karim,35.4846,51.0829,80.46,49,75,9.22,IR,2021-07-30 02:26:58,broken clouds
612,Santa Vitoria Do Palmar,-33.5189,-53.3681,41.38,84,10,5.77,BR,2021-07-30 02:26:58,clear sky
613,Narsaq,60.9167,-46.05,46.62,87,100,2.35,GL,2021-07-30 02:26:59,overcast clouds
614,Winslow,35.0242,-110.6974,69.98,80,1,1.99,US,2021-07-30 02:26:59,clear sky
615,Saint-Joseph,-21.3667,55.6167,66.58,81,57,15.7,RE,2021-07-30 02:26:59,light rain
616,Cacahuatepec,16.8861,-99.6106,83.77,88,100,2.37,MX,2021-07-30 02:27:00,overcast clouds
617,Olot,42.181,2.4901,73.38,59,7,1.01,ES,2021-07-30 02:27:00,clear sky
618,Luwuk,-0.9516,122.7875,85.35,68,60,4.54,ID,2021-07-30 02:27:01,broken clouds
619,Diamantino,-14.4086,-56.4461,58.26,23,5,7.02,BR,2021-07-30 02:27:01,clear sky
620,Fuerte Olimpo,-21.0415,-57.8738,47.53,27,41,4.92,PY,2021-07-30 02:27:01,scattered clouds
621,Tokuyama,34.05,131.8167,89.28,52,25,6.08,JP,2021-07-30 02:27:02,scattered clouds
622,Santa Luzia,-19.7697,-43.8514,58.1,54,0,0.0,BR,2021-07-30 02:27:02,clear sky
623,Orlik,52.5178,99.825,52.79,83,100,2.44,RU,2021-07-30 02:27:02,overcast clouds
624,Hartlepool,54.6861,-1.2125,57.38,82,100,4.07,GB,2021-07-30 02:27:03,overcast clouds
625,Kohlu,29.8962,69.252,81.21,63,57,4.72,PK,2021-07-30 02:27:03,broken clouds
626,Salinas,36.6777,-121.6555,84.56,74,75,12.66,US,2021-07-30 02:27:03,broken clouds
627,Januaria,-15.4833,-44.3667,66.67,43,0,4.43,BR,2021-07-30 02:27:04,clear sky
628,Vyartsilya,62.1764,30.693,56.88,98,68,5.26,RU,2021-07-30 02:27:04,broken clouds
629,Jibuti,11.5,42.5,87.22,59,94,6.73,DJ,2021-07-30 02:27:04,light rain
630,Grand Forks,47.9417,-97.4337,75.13,38,75,4.61,US,2021-07-30 02:27:05,smoke
631,Galesong,-5.3166,119.3661,86.02,68,31,3.96,ID,2021-07-30 02:27:05,scattered clouds
632,Masumbwe,-3.6333,32.1833,62.94,53,12,5.61,TZ,2021-07-30 02:27:05,few clouds
633,Ikalamavony,-21.15,46.5833,60.33,81,90,6.64,MG,2021-07-30 02:27:06,overcast clouds
634,Gaspar,-26.9314,-48.9589,43.18,75,0,2.44,BR,2021-07-30 02:27:06,clear sky
635,Guhagar,17.4842,73.1929,79.59,87,99,13.33,IN,2021-07-30 02:27:06,overcast clouds
636,Naron,43.5167,-8.1528,65.05,84,99,5.88,ES,2021-07-30 02:27:07,overcast clouds
637,Miles City,46.4083,-105.8406,78.51,46,75,13.8,US,2021-07-30 02:27:07,broken clouds
638,Beloha,-25.1667,45.05,64.31,76,8,4.61,MG,2021-07-30 02:22:18,clear sky
639,San Vicente,-26.6167,-54.1333,31.95,78,0,2.77,AR,2021-07-30 02:27:07,clear sky
640,Kaspiyskiy,45.3929,47.3707,74.32,61,0,3.44,RU,2021-07-30 02:27:08,clear sky
641,Nyakahanga,-1.6033,31.1414,58.69,65,22,2.95,TZ,2021-07-30 02:27:08,few clouds
642,Dolinsk,47.35,142.8,82.26,60,31,8.28,RU,2021-07-30 02:27:08,scattered clouds
643,Amalapuram,16.5833,82.0167,80.98,70,100,8.86,IN,2021-07-30 02:27:09,light rain
644,Volsk,52.0333,47.3833,65.59,86,24,4.7,RU,2021-07-30 02:27:09,few clouds
645,Itaituba,-4.2761,-55.9836,78.06,45,54,1.9,BR,2021-07-30 02:27:09,broken clouds
646,Kanniyakumari,8.0833,77.5667,79.61,78,85,19.89,IN,2021-07-30 02:27:10,overcast clouds
647,Zilair,52.2332,57.4392,59.9,41,100,2.64,RU,2021-07-30 02:27:10,overcast clouds
648,Kanker,20.2719,81.4931,74.26,89,100,11.21,IN,2021-07-30 02:27:10,overcast clouds
649,Wanning,18.8003,110.3967,89.01,65,100,11.23,CN,2021-07-30 02:27:11,overcast clouds
650,Faya,18.3851,42.4509,68.11,68,87,4.25,SA,2021-07-30 02:21:09,overcast clouds
651,Lethem,3.3803,-59.7968,73.2,92,97,2.93,GY,2021-07-30 02:27:11,overcast clouds
652,Shingu,33.7333,135.9833,86.99,59,0,5.39,JP,2021-07-30 02:27:12,clear sky
653,Sosnovka,56.255,51.2842,58.87,96,67,2.95,RU,2021-07-30 02:27:12,broken clouds
654,Shagonar,51.5333,92.8,63.52,54,100,2.39,RU,2021-07-30 02:27:12,overcast clouds
655,Baymak,52.5933,58.3225,58.14,52,100,5.28,RU,2021-07-30 02:27:13,overcast clouds
656,Bilma,18.6853,12.9164,92.64,30,28,6.31,NE,2021-07-30 02:27:13,scattered clouds
657,Xining,36.6167,101.7667,69.4,35,0,0.85,CN,2021-07-30 02:27:13,clear sky
658,Catamarca,-28.4696,-65.7852,53.78,51,0,4.0,AR,2021-07-30 02:20:42,clear sky
659,Linqiong,30.4159,103.4609,89.78,63,99,1.61,CN,2021-07-30 02:27:14,overcast clouds
660,Puerto Colombia,10.9878,-74.9547,82.49,88,50,18.25,CO,2021-07-30 02:22:28,scattered clouds
661,Hamilton,39.1834,-84.5333,80.83,85,56,1.01,US,2021-07-30 02:24:13,broken clouds
662,Roanoke,37.271,-79.9414,85.01,69,40,6.91,US,2021-07-30 02:24:09,scattered clouds
663,Saurimo,-9.6608,20.3916,57.07,34,0,6.17,AO,2021-07-30 02:27:14,clear sky
664,Slatina,44.4333,24.3667,72.45,58,3,6.06,RO,2021-07-30 02:27:15,clear sky
665,Hala,25.8131,68.4227,84.18,71,99,16.93,PK,2021-07-30 02:27:15,overcast clouds
666,Honiara,-9.4333,159.95,87.19,65,13,7.14,SB,2021-07-30 02:27:15,few clouds
667,Manfredonia,41.6259,15.9094,81.82,38,0,8.05,IT,2021-07-30 02:27:16,clear sky
668,Mlowo,-9.0,32.9833,48.51,93,0,4.56,TZ,2021-07-30 02:27:16,clear sky
669,Abu Samrah,35.3029,37.1841,74.71,56,0,9.26,SY,2021-07-30 02:27:17,clear sky
670,Puerto Baquerizo Moreno,-0.9,-89.6,71.01,87,65,9.33,EC,2021-07-30 02:22:37,broken clouds
671,Harper,4.375,-7.7169,75.52,86,100,5.39,LR,2021-07-30 02:27:17,overcast clouds
672,Micheweni,-4.9667,39.8333,73.15,80,70,12.48,TZ,2021-07-30 02:27:17,broken clouds
673,Goshogawara,40.8044,140.4414,86.85,63,12,3.8,JP,2021-07-30 02:27:18,few clouds
674,Inyonga,-6.7167,32.0667,59.07,51,0,5.23,TZ,2021-07-30 02:27:18,clear sky
675,Udachnyy,66.4167,112.4,76.51,32,38,8.88,RU,2021-07-30 02:27:18,scattered clouds
676,Pierre,44.3683,-100.351,80.06,53,90,4.0,US,2021-07-30 02:27:19,overcast clouds
677,Safaga,26.7292,33.9365,87.75,37,100,7.99,EG,2021-07-30 02:27:19,overcast clouds
678,Ahipara,-35.1667,173.1667,62.28,76,57,15.39,NZ,2021-07-30 02:27:19,broken clouds
679,Kyra,49.5776,111.9753,59.97,98,100,5.79,RU,2021-07-30 02:18:29,light rain
680,Itarema,-2.9248,-39.9167,77.72,86,46,9.28,BR,2021-07-30 02:27:20,scattered clouds
681,Lianzhou,24.7811,112.3825,88.68,70,37,2.71,CN,2021-07-30 02:27:20,scattered clouds
682,Ucluelet,48.9329,-125.5528,92.05,86,22,1.99,CA,2021-07-30 02:27:03,few clouds
683,Kalevala,65.2,31.1667,48.76,86,21,7.74,RU,2021-07-30 02:24:09,few clouds
684,Mentougou,39.9392,116.0917,76.46,84,100,4.23,CN,2021-07-30 02:27:21,overcast clouds
685,Podstepki,53.5151,49.1355,68.65,91,99,7.45,RU,2021-07-30 02:27:21,overcast clouds
686,Dongsheng,39.8161,109.9776,82.72,21,0,8.01,CN,2021-07-30 02:27:21,clear sky
687,Marondera,-18.1853,31.5519,43.39,70,5,4.68,ZW,2021-07-30 02:27:22,clear sky
688,Tawang,27.5833,91.8667,60.06,88,99,3.0,IN,2021-07-30 02:27:22,overcast clouds
689,Biggar,55.6167,-3.5167,57.63,92,95,1.59,GB,2021-07-30 02:27:22,overcast clouds
690,Kilis,36.7161,37.115,80.83,42,0,5.84,TR,2021-07-30 02:27:23,clear sky
691,Liwale,-9.7667,37.9333,58.69,70,0,4.52,TZ,2021-07-30 02:27:23,clear sky
692,Horta,38.5333,-28.6333,69.93,88,20,7.27,PT,2021-07-30 02:27:23,few clouds
693,Quthing,-30.4,27.7003,39.65,35,0,0.98,LS,2021-07-30 02:27:23,clear sky
694,Kloulklubed,7.0419,134.2556,84.7,72,61,3.0,PW,2021-07-30 02:27:24,broken clouds
695,Varhaug,58.6147,5.6457,62.15,91,86,12.77,NO,2021-07-30 02:27:24,overcast clouds
696,Leh,34.1667,77.5833,60.91,67,96,2.89,IN,2021-07-30 02:27:24,overcast clouds
697,Lavumisa,-27.31,31.892,57.29,81,0,5.66,SZ,2021-07-30 02:27:25,clear sky
698,Cao Bang,22.6667,106.25,87.04,72,51,2.01,VN,2021-07-30 02:27:25,broken clouds
699,Tashla,51.7716,52.7427,73.27,38,82,7.94,RU,2021-07-30 02:27:26,broken clouds
700,Matara,5.9485,80.5353,80.4,84,32,12.28,LK,2021-07-30 02:26:38,scattered clouds
701,Bud,39.447,-86.1758,80.89,94,59,6.49,US,2021-07-30 02:23:07,light rain
702,Paracuru,-3.41,-39.0306,80.62,88,24,8.43,BR,2021-07-30 02:27:26,few clouds
703,Kushiro,42.975,144.3747,70.75,100,75,8.05,JP,2021-07-30 02:27:26,fog
704,Lagdo,9.05,13.7333,71.13,95,100,3.15,CM,2021-07-30 02:27:27,light rain
705,Kangaatsiaq,68.3065,-53.4641,43.36,87,27,8.57,GL,2021-07-30 02:27:27,scattered clouds
706,Afyonkarahisar,38.75,30.6667,61.7,49,0,3.18,TR,2021-07-30 02:27:27,clear sky
